<?xml version = '1.0' encoding = 'UTF-8'?>
<Table class="oracle.dbtools.crest.model.design.relational.Table" directorySegmentName="seg_0" id="21F03F66-552F-4E47-FE6E-1A65BDA55623" name="TB_Onboarding_Segmentos_Envio">
<createdBy>paulosantos</createdBy>
<createdTime>2025-02-03 15:48:51 UTC</createdTime>
<comment><![CDATA[Tabela para armazenar quais segmentos de qual automação será enviado para uma determinada EPS]]></comment>
<ownerDesignName>Modelagem</ownerDesignName>
<ordsAlias>table_5</ordsAlias>
<allowColumnReorder>false</allowColumnReorder>
<existDependencyGenerateInDDl>true</existDependencyGenerateInDDl>
<parsed>true</parsed>
<columns itemClass="oracle.dbtools.crest.model.design.relational.Column">
<Column name="ID" id="C0FA854F-4F37-DCFF-F32E-0B0F02A49541">
<createdBy>paulosantos</createdBy>
<createdTime>2025-02-03 15:54:24 UTC</createdTime>
<ownerDesignName>Modelagem</ownerDesignName>
<useDomainConstraints>false</useDomainConstraints>
<use>1</use>
<logicalDatatype>LOGDT011</logicalDatatype>
<ownDataTypeParameters>,,</ownDataTypeParameters>
<autoIncrementCycle>false</autoIncrementCycle>
</Column>
<Column name="ID_AutomacaoEPS" id="6D0A6566-55A8-CDA3-9194-20B24089E39B">
<createdBy>paulosantos</createdBy>
<createdTime>2025-02-03 15:54:24 UTC</createdTime>
<ownerDesignName>Modelagem</ownerDesignName>
<useDomainConstraints>false</useDomainConstraints>
<use>1</use>
<logicalDatatype>LOGDT011</logicalDatatype>
<ownDataTypeParameters>,,</ownDataTypeParameters>
<autoIncrementCycle>false</autoIncrementCycle>
</Column>
<Column name="ID_Segmento" id="6C68DF5F-B372-3B12-B376-E16B764571F2">
<createdBy>paulosantos</createdBy>
<createdTime>2025-02-03 15:54:24 UTC</createdTime>
<ownerDesignName>Modelagem</ownerDesignName>
<nullsAllowed>true</nullsAllowed>
<useDomainConstraints>false</useDomainConstraints>
<use>1</use>
<logicalDatatype>LOGDT011</logicalDatatype>
<ownDataTypeParameters>,,</ownDataTypeParameters>
<autoIncrementCycle>false</autoIncrementCycle>
</Column>
<Column name="DataCadastro" id="4B7BC374-2BF5-BFF7-5DFE-BCB048EB8681">
<createdBy>paulosantos</createdBy>
<createdTime>2025-02-03 15:54:24 UTC</createdTime>
<ownerDesignName>Modelagem</ownerDesignName>
<useDomainConstraints>false</useDomainConstraints>
<use>1</use>
<logicalDatatype>LOGDT008</logicalDatatype>
<ownDataTypeParameters>,,</ownDataTypeParameters>
<autoIncrementCycle>false</autoIncrementCycle>
</Column>
<Column name="Ativo" id="2E8EB6BF-663A-2EDD-282A-5A045BDED0CB">
<createdBy>paulosantos</createdBy>
<createdTime>2025-02-03 15:54:24 UTC</createdTime>
<ownerDesignName>Modelagem</ownerDesignName>
<useDomainConstraints>false</useDomainConstraints>
<use>1</use>
<logicalDatatype>LOGDT034</logicalDatatype>
<ownDataTypeParameters>,,</ownDataTypeParameters>
<autoIncrementCycle>false</autoIncrementCycle>
</Column>
<Column name="Cadastrado_Por" id="EFA547C7-C0BC-E55A-2B04-BA04A74BD21E">
<createdBy>paulosantos</createdBy>
<createdTime>2025-02-03 15:54:24 UTC</createdTime>
<ownerDesignName>Modelagem</ownerDesignName>
<useDomainConstraints>false</useDomainConstraints>
<use>1</use>
<logicalDatatype>LOGDT024</logicalDatatype>
<dataTypeSize>600</dataTypeSize>
<ownDataTypeParameters>600,,</ownDataTypeParameters>
<autoIncrementCycle>false</autoIncrementCycle>
</Column>
<Column name="Alterado_Por" id="616BD66D-F25C-B826-D669-8FB31417EED5">
<createdBy>paulosantos</createdBy>
<createdTime>2025-02-03 15:54:24 UTC</createdTime>
<ownerDesignName>Modelagem</ownerDesignName>
<nullsAllowed>true</nullsAllowed>
<useDomainConstraints>false</useDomainConstraints>
<use>1</use>
<logicalDatatype>LOGDT024</logicalDatatype>
<dataTypeSize>600</dataTypeSize>
<ownDataTypeParameters>600,,</ownDataTypeParameters>
<autoIncrementCycle>false</autoIncrementCycle>
</Column>
</columns>
<indexes itemClass="oracle.dbtools.crest.model.design.relational.Index">
<ind_PK_UK id="A597965A-CE30-14D2-1DE6-201B3FBA26F7" name="TB_Onboarding_Segmentos_Envio_PK">
<createdBy>paulosantos</createdBy>
<createdTime>2025-02-03 15:54:24 UTC</createdTime>
<ownerDesignName>Modelagem</ownerDesignName>
<pk>true</pk>
<indexState>Primary Constraint</indexState>
<isSurrogateKey>false</isSurrogateKey>
<indexColumnUsage>
<colUsage columnID="C0FA854F-4F37-DCFF-F32E-0B0F02A49541"/>
</indexColumnUsage>
</ind_PK_UK>
</indexes>
</Table>