<?xml version = '1.0' encoding = 'UTF-8'?>
<Table class="oracle.dbtools.crest.model.design.relational.Table" directorySegmentName="seg_0" id="5A87E089-BBAA-A65B-948C-CC8CF5278100" name="TB_OnboardingAutomacoes_Segmentos">
<createdBy>paulosantos</createdBy>
<createdTime>2025-02-03 15:27:17 UTC</createdTime>
<comment><![CDATA[Tabela para armazenar os segmentos disponiveis no workflow]]></comment>
<ownerDesignName>Modelagem</ownerDesignName>
<ordsAlias>table_2</ordsAlias>
<allowColumnReorder>false</allowColumnReorder>
<existDependencyGenerateInDDl>true</existDependencyGenerateInDDl>
<parsed>true</parsed>
<columns itemClass="oracle.dbtools.crest.model.design.relational.Column">
<Column name="ID" id="6D714A38-3285-040B-0D1A-6C4E51417A2D">
<createdBy>paulosantos</createdBy>
<createdTime>2025-02-03 15:36:32 UTC</createdTime>
<ownerDesignName>Modelagem</ownerDesignName>
<useDomainConstraints>false</useDomainConstraints>
<use>1</use>
<logicalDatatype>LOGDT011</logicalDatatype>
<ownDataTypeParameters>,,</ownDataTypeParameters>
<autoIncrementCycle>false</autoIncrementCycle>
</Column>
<Column name="Segmento" id="5C62B6BB-1862-DDFC-8D40-A8BA59D9718D">
<createdBy>paulosantos</createdBy>
<createdTime>2025-02-03 15:36:32 UTC</createdTime>
<comment><![CDATA[Segmento do workflow]]></comment>
<ownerDesignName>Modelagem</ownerDesignName>
<nullsAllowed>true</nullsAllowed>
<useDomainConstraints>false</useDomainConstraints>
<use>1</use>
<logicalDatatype>LOGDT024</logicalDatatype>
<dataTypeSize>300</dataTypeSize>
<ownDataTypeParameters>300,,</ownDataTypeParameters>
<autoIncrementCycle>false</autoIncrementCycle>
</Column>
<Column name="DataCadastro" id="3719DE6A-9294-F02D-D11E-55EB99879C82">
<createdBy>paulosantos</createdBy>
<createdTime>2025-02-03 15:36:32 UTC</createdTime>
<ownerDesignName>Modelagem</ownerDesignName>
<constraintName>OnboardingSegmentos_DF_DataCadastro</constraintName>
<useDomainConstraints>false</useDomainConstraints>
<use>1</use>
<logicalDatatype>LOGDT008</logicalDatatype>
<defaultValue>GETDATE()</defaultValue>
<ownDataTypeParameters>,,</ownDataTypeParameters>
<autoIncrementCycle>false</autoIncrementCycle>
</Column>
<Column name="Ativo" id="B635F676-48F5-F746-D765-868A12FCBD3E">
<createdBy>paulosantos</createdBy>
<createdTime>2025-02-03 15:36:32 UTC</createdTime>
<ownerDesignName>Modelagem</ownerDesignName>
<constraintName>OnboardingSegmento_DF_Ativo</constraintName>
<nullsAllowed>true</nullsAllowed>
<useDomainConstraints>false</useDomainConstraints>
<use>1</use>
<logicalDatatype>LOGDT034</logicalDatatype>
<defaultValue>1</defaultValue>
<ownDataTypeParameters>,,</ownDataTypeParameters>
<autoIncrementCycle>false</autoIncrementCycle>
</Column>
<Column name="Cadastrado_Por" id="5F55A30F-E4C2-A3FE-0373-7BCD2D6184D7">
<createdBy>paulosantos</createdBy>
<createdTime>2025-02-03 15:58:03 UTC</createdTime>
<ownerDesignName>Modelagem</ownerDesignName>
<useDomainConstraints>false</useDomainConstraints>
<use>1</use>
<logicalDatatype>LOGDT024</logicalDatatype>
<dataTypeSize>600</dataTypeSize>
<ownDataTypeParameters>600,,</ownDataTypeParameters>
<autoIncrementCycle>false</autoIncrementCycle>
</Column>
</columns>
<indexes itemClass="oracle.dbtools.crest.model.design.relational.Index">
<ind_PK_UK id="88DAD24D-897C-DFB7-AF31-B711ADE4240F" name="TB_OnboardingAutomacoes_Segmentos_PK">
<createdBy>paulosantos</createdBy>
<createdTime>2025-02-03 15:36:32 UTC</createdTime>
<ownerDesignName>Modelagem</ownerDesignName>
<pk>true</pk>
<indexState>Primary Constraint</indexState>
<isSurrogateKey>false</isSurrogateKey>
<indexColumnUsage>
<colUsage columnID="6D714A38-3285-040B-0D1A-6C4E51417A2D"/>
</indexColumnUsage>
</ind_PK_UK>
</indexes>
</Table>