<?xml version = '1.0' encoding = 'UTF-8'?>
<Table class="oracle.dbtools.crest.model.design.relational.Table" directorySegmentName="seg_0" id="6D0F2705-FB56-BC96-0430-1FAFCD5BE030" name="TB_Onboarding_Automacoes">
<createdBy>paulosantos</createdBy>
<createdTime>2025-02-03 15:15:34 UTC</createdTime>
<comment><![CDATA[Tabela responsavél por armazenar as automações referente ao CC Onboarding para configurar os envios via EPS]]></comment>
<ownerDesignName>Modelagem</ownerDesignName>
<ordsAlias>table_1</ordsAlias>
<allowColumnReorder>false</allowColumnReorder>
<existDependencyGenerateInDDl>true</existDependencyGenerateInDDl>
<parsed>true</parsed>
<columns itemClass="oracle.dbtools.crest.model.design.relational.Column">
<Column name="ID" id="0DC791BA-BC11-2D3D-52AE-6145174CA0B3">
<createdBy>paulosantos</createdBy>
<createdTime>2025-02-03 15:17:42 UTC</createdTime>
<ownerDesignName>Modelagem</ownerDesignName>
<useDomainConstraints>false</useDomainConstraints>
<use>1</use>
<logicalDatatype>LOGDT011</logicalDatatype>
<ownDataTypeParameters>,,</ownDataTypeParameters>
<autoIncrementCycle>false</autoIncrementCycle>
</Column>
<Column name="ID_RAAS" id="4B177A9B-5B9A-223E-3D78-C8560B31B528">
<createdBy>paulosantos</createdBy>
<createdTime>2025-02-03 15:17:42 UTC</createdTime>
<comment><![CDATA[Coluna para armazenar o id da automação (ID RAAS)]]></comment>
<ownerDesignName>Modelagem</ownerDesignName>
<useDomainConstraints>false</useDomainConstraints>
<use>1</use>
<logicalDatatype>LOGDT011</logicalDatatype>
<ownDataTypeParameters>,,</ownDataTypeParameters>
<autoIncrementCycle>false</autoIncrementCycle>
</Column>
<Column name="Titulo" id="CF728E2B-4129-6DB6-8AC5-DB165A3C5F7B">
<createdBy>paulosantos</createdBy>
<createdTime>2025-02-03 15:20:29 UTC</createdTime>
<comment><![CDATA[Coluna para armazenar o titulo que aparece no consolo da aplicacao]]></comment>
<ownerDesignName>Modelagem</ownerDesignName>
<useDomainConstraints>false</useDomainConstraints>
<use>1</use>
<logicalDatatype>LOGDT024</logicalDatatype>
<dataTypeSize>400</dataTypeSize>
<ownDataTypeParameters>400,,</ownDataTypeParameters>
<autoIncrementCycle>false</autoIncrementCycle>
</Column>
<Column name="Nome" id="B016580C-0066-55DE-C817-F7505FEC90DB">
<createdBy>paulosantos</createdBy>
<createdTime>2025-02-03 15:20:29 UTC</createdTime>
<comment><![CDATA[Armazena o nome da automação cadastrada no portal]]></comment>
<ownerDesignName>Modelagem</ownerDesignName>
<useDomainConstraints>false</useDomainConstraints>
<use>1</use>
<logicalDatatype>LOGDT024</logicalDatatype>
<dataTypeSize>400</dataTypeSize>
<ownDataTypeParameters>400,,</ownDataTypeParameters>
<autoIncrementCycle>false</autoIncrementCycle>
</Column>
<Column name="DataCadastro" id="5282F46F-9183-879E-1B5D-B8881DDD8E22">
<createdBy>paulosantos</createdBy>
<createdTime>2025-02-03 15:20:29 UTC</createdTime>
<ownerDesignName>Modelagem</ownerDesignName>
<constraintName>OnboardingAutomacoes_DF_DataCadastro</constraintName>
<useDomainConstraints>false</useDomainConstraints>
<use>1</use>
<logicalDatatype>LOGDT008</logicalDatatype>
<defaultValue>GETDATE()</defaultValue>
<ownDataTypeParameters>,,</ownDataTypeParameters>
<autoIncrementCycle>false</autoIncrementCycle>
</Column>
<Column name="Ativo" id="5719004F-FA7C-7BA5-7184-275C6206DD91">
<createdBy>paulosantos</createdBy>
<createdTime>2025-02-03 15:20:29 UTC</createdTime>
<comment><![CDATA[Indica se o registro está apto a ser considerado na consulta]]></comment>
<ownerDesignName>Modelagem</ownerDesignName>
<constraintName>OnboardingAutomacoes_DF_Ativo</constraintName>
<useDomainConstraints>false</useDomainConstraints>
<use>1</use>
<logicalDatatype>LOGDT034</logicalDatatype>
<defaultValue>1</defaultValue>
<ownDataTypeParameters>,,</ownDataTypeParameters>
<autoIncrementCycle>false</autoIncrementCycle>
</Column>
<Column name="Cadastrado_Por" id="89505A62-594F-A855-0477-D890784E4A74">
<createdBy>paulosantos</createdBy>
<createdTime>2025-02-03 15:56:00 UTC</createdTime>
<ownerDesignName>Modelagem</ownerDesignName>
<nullsAllowed>true</nullsAllowed>
<useDomainConstraints>false</useDomainConstraints>
<use>1</use>
<logicalDatatype>LOGDT024</logicalDatatype>
<dataTypeSize>600</dataTypeSize>
<ownDataTypeParameters>600,,</ownDataTypeParameters>
<autoIncrementCycle>false</autoIncrementCycle>
</Column>
<Column name="Alterado_Por" id="CBDE8243-5543-C896-3D04-7C96B5F71C4E">
<createdBy>paulosantos</createdBy>
<createdTime>2025-02-03 15:56:00 UTC</createdTime>
<ownerDesignName>Modelagem</ownerDesignName>
<nullsAllowed>true</nullsAllowed>
<useDomainConstraints>false</useDomainConstraints>
<use>1</use>
<logicalDatatype>LOGDT024</logicalDatatype>
<dataTypeSize>600</dataTypeSize>
<ownDataTypeParameters>600,,</ownDataTypeParameters>
<autoIncrementCycle>false</autoIncrementCycle>
</Column>
</columns>
<indexes itemClass="oracle.dbtools.crest.model.design.relational.Index">
<ind_PK_UK id="AB9DBB74-AD6B-6F91-FB22-25A450BD6EF6" name="TB_Onboarding_Automacoes_PK">
<createdBy>paulosantos</createdBy>
<createdTime>2025-02-03 15:17:42 UTC</createdTime>
<ownerDesignName>Modelagem</ownerDesignName>
<pk>true</pk>
<indexState>Primary Constraint</indexState>
<isSurrogateKey>false</isSurrogateKey>
<indexColumnUsage>
<colUsage columnID="0DC791BA-BC11-2D3D-52AE-6145174CA0B3"/>
</indexColumnUsage>
</ind_PK_UK>
</indexes>
</Table>