<?xml version = '1.0' encoding = 'UTF-8'?>
<Table class="oracle.dbtools.crest.model.design.relational.Table" directorySegmentName="seg_0" id="C89CCB60-1E17-7070-C4DD-EF2B48E767C4" name="TB_Onboarding_EPS">
<createdBy>paulosantos</createdBy>
<createdTime>2025-02-03 15:47:16 UTC</createdTime>
<ownerDesignName>Modelagem</ownerDesignName>
<ordsAlias>table_4</ordsAlias>
<allowColumnReorder>false</allowColumnReorder>
<existDependencyGenerateInDDl>true</existDependencyGenerateInDDl>
<parsed>true</parsed>
<columns itemClass="oracle.dbtools.crest.model.design.relational.Column">
<Column name="ID" id="2C4EB8EF-AD36-D37D-01E9-6302E8BF8F86">
<createdBy>paulosantos</createdBy>
<createdTime>2025-02-03 15:48:05 UTC</createdTime>
<ownerDesignName>Modelagem</ownerDesignName>
<useDomainConstraints>false</useDomainConstraints>
<use>1</use>
<logicalDatatype>LOGDT011</logicalDatatype>
<ownDataTypeParameters>,,</ownDataTypeParameters>
<autoIncrementCycle>false</autoIncrementCycle>
</Column>
</columns>
<indexes itemClass="oracle.dbtools.crest.model.design.relational.Index">
<ind_PK_UK id="A3A6BEC9-E481-AC6A-D956-81AB28DE96D2" name="TB_Onboarding_EPS_PK">
<createdBy>paulosantos</createdBy>
<createdTime>2025-02-03 15:48:05 UTC</createdTime>
<ownerDesignName>Modelagem</ownerDesignName>
<pk>true</pk>
<indexState>Primary Constraint</indexState>
<isSurrogateKey>false</isSurrogateKey>
<indexColumnUsage>
<colUsage columnID="2C4EB8EF-AD36-D37D-01E9-6302E8BF8F86"/>
</indexColumnUsage>
</ind_PK_UK>
</indexes>
</Table>