<?xml version = '1.0' encoding = 'UTF-8'?>
<Diagram class="oracle.dbtools.crest.swingui.relational.DPVRelational" name="Modelagem CC Fisico PJ" id="9FF03D82-562E-875D-5157-14CC8006143A">
<createdBy>paulosantos</createdBy>
<modifiedBy>paulosantos</modifiedBy>
<createdTime>2025-02-03 15:09:43 UTC</createdTime>
<autoRoute>false</autoRoute>
<boxInbox>true</boxInbox>
<showLegend>false</showLegend>
<showLabels>false</showLabels>
<showRelAttributes>false</showRelAttributes>
<gridEnabled>false</gridEnabled>
<showGrid>false</showGrid>
<diagramColor>-1</diagramColor>
<display>false</display>
<notation>1</notation>
<objectViews>
<OView class="oracle.dbtools.crest.swingui.relational.TVTable" oid="21F03F66-552F-4E47-FE6E-1A65BDA55623" otype="Table" vid="1083F745-26EC-DC32-74AD-B9554BE91ACC">
<hideElementsInCurrentOnly>false</hideElementsInCurrentOnly>
<bounds x="870" y="275" width="434" height="167"/>
</OView>
<OView class="oracle.dbtools.crest.swingui.relational.TVTable" oid="5A87E089-BBAA-A65B-948C-CC8CF5278100" otype="Table" vid="8890B863-2547-1864-1DF0-E6EBE02B7128">
<hideElementsInCurrentOnly>false</hideElementsInCurrentOnly>
<bounds x="780" y="16" width="264" height="109"/>
</OView>
<OView class="oracle.dbtools.crest.swingui.relational.TVTable" oid="6D0F2705-FB56-BC96-0430-1FAFCD5BE030" otype="Table" vid="EFBA134E-E8E4-2617-8EAE-D0C7C9F98C4B">
<hideElementsInCurrentOnly>false</hideElementsInCurrentOnly>
<bounds x="42" y="167" width="211" height="148"/>
</OView>
<OView class="oracle.dbtools.crest.swingui.relational.TVTable" oid="B6A59BC6-9776-CC1F-61BC-F8A48BECB43D" otype="Table" vid="4F834638-31CB-AC35-19F7-5E39C2B0415A">
<hideElementsInCurrentOnly>false</hideElementsInCurrentOnly>
<bounds x="376" y="268" width="396" height="193"/>
</OView>
<OView class="oracle.dbtools.crest.swingui.relational.TVTable" oid="C6BFD740-2F1A-4D15-0C19-7D2490363E31" otype="Table" vid="7904278E-37BE-A739-DF31-D91E09DEF011">
<hideElementsInCurrentOnly>false</hideElementsInCurrentOnly>
<bounds x="737" y="523" width="170" height="110"/>
</OView>
<OView class="oracle.dbtools.crest.swingui.relational.TVTable" oid="C89CCB60-1E17-7070-C4DD-EF2B48E767C4" otype="Table" vid="14E80073-6D59-DFD5-00E8-5220220690AE">
<hideElementsInCurrentOnly>false</hideElementsInCurrentOnly>
<bounds x="66" y="365" width="205" height="122"/>
</OView>
</objectViews>
<connectors>
<Connector class="oracle.dbtools.crest.swingui.relational.TVFKRelation" oid="09335C13-65B3-7862-15F0-8C0806713C67" otype="FKIndexAssociation" vid_source="4F834638-31CB-AC35-19F7-5E39C2B0415A" vid_target="1083F745-26EC-DC32-74AD-B9554BE91ACC">
<hideElementsInCurrentOnly>false</hideElementsInCurrentOnly>
<backgroundColor>-16777216</backgroundColor>
<lineWidth>1</lineWidth>
<points>
<point x="772" y="342"/>
<point x="870" y="342"/>
</points>
</Connector>
<Connector class="oracle.dbtools.crest.swingui.relational.TVFKRelation" oid="7294DFE1-8B5D-9C37-395B-DB527FA2B3CB" otype="FKIndexAssociation" vid_source="8890B863-2547-1864-1DF0-E6EBE02B7128" vid_target="1083F745-26EC-DC32-74AD-B9554BE91ACC">
<hideElementsInCurrentOnly>false</hideElementsInCurrentOnly>
<backgroundColor>-16777216</backgroundColor>
<lineWidth>1</lineWidth>
<points>
<point x="957" y="125"/>
<point x="957" y="275"/>
</points>
</Connector>
<Connector class="oracle.dbtools.crest.swingui.relational.TVFKRelation" oid="95BDB06D-4649-E468-DDC6-BD822CB1AB9F" otype="FKIndexAssociation" vid_source="14E80073-6D59-DFD5-00E8-5220220690AE" vid_target="4F834638-31CB-AC35-19F7-5E39C2B0415A">
<hideElementsInCurrentOnly>false</hideElementsInCurrentOnly>
<backgroundColor>-16777216</backgroundColor>
<lineWidth>1</lineWidth>
<points>
<point x="271" y="413"/>
<point x="376" y="413"/>
</points>
</Connector>
<Connector class="oracle.dbtools.crest.swingui.relational.TVFKRelation" oid="D1AD4C4D-B189-A1DE-66AC-92C45210BC04" otype="FKIndexAssociation" vid_source="EFBA134E-E8E4-2617-8EAE-D0C7C9F98C4B" vid_target="4F834638-31CB-AC35-19F7-5E39C2B0415A">
<hideElementsInCurrentOnly>false</hideElementsInCurrentOnly>
<backgroundColor>-16777216</backgroundColor>
<lineWidth>1</lineWidth>
<points>
<point x="253" y="291"/>
<point x="376" y="291"/>
</points>
</Connector>
</connectors>
</Diagram>