<?xml version = '1.0' encoding = 'UTF-8'?>
<Table class="oracle.dbtools.crest.model.design.relational.Table" directorySegmentName="seg_0" id="B6A59BC6-9776-CC1F-61BC-F8A48BECB43D" name="TB_Onboarding_Automacao_EPS">
<createdBy>paulosantos</createdBy>
<createdTime>2025-02-03 15:37:05 UTC</createdTime>
<comment><![CDATA[Tabela para armazenar quais segmentos serão considerados para a automacao enviar para uma determinada EPS]]></comment>
<ownerDesignName>Modelagem</ownerDesignName>
<ordsAlias>table_3</ordsAlias>
<allowColumnReorder>false</allowColumnReorder>
<existDependencyGenerateInDDl>true</existDependencyGenerateInDDl>
<parsed>true</parsed>
<columns itemClass="oracle.dbtools.crest.model.design.relational.Column">
<Column name="ID" id="88D279C5-CC8B-3A74-BACD-93DB9D3AA569">
<createdBy>paulosantos</createdBy>
<createdTime>2025-02-03 15:43:14 UTC</createdTime>
<ownerDesignName>Modelagem</ownerDesignName>
<useDomainConstraints>false</useDomainConstraints>
<use>1</use>
<logicalDatatype>LOGDT011</logicalDatatype>
<ownDataTypeParameters>,,</ownDataTypeParameters>
<autoIncrementCycle>false</autoIncrementCycle>
</Column>
<Column name="ID_Automacao" id="8F3760A7-D1C5-4171-856E-CB387F7794E0">
<createdBy>paulosantos</createdBy>
<createdTime>2025-02-03 15:43:14 UTC</createdTime>
<ownerDesignName>Modelagem</ownerDesignName>
<useDomainConstraints>false</useDomainConstraints>
<use>1</use>
<logicalDatatype>LOGDT011</logicalDatatype>
<ownDataTypeParameters>,,</ownDataTypeParameters>
<autoIncrementCycle>false</autoIncrementCycle>
<associations>
<colAssociation fkAssociation="D1AD4C4D-B189-A1DE-66AC-92C45210BC04" referredColumn="0DC791BA-BC11-2D3D-52AE-6145174CA0B3"/>
</associations>
</Column>
<Column name="ID_EPS" id="A2E5FA20-82DF-15A9-9CC1-BB13DCD5FD7B">
<createdBy>paulosantos</createdBy>
<createdTime>2025-02-03 15:43:14 UTC</createdTime>
<ownerDesignName>Modelagem</ownerDesignName>
<useDomainConstraints>false</useDomainConstraints>
<use>1</use>
<logicalDatatype>LOGDT011</logicalDatatype>
<ownDataTypeParameters>,,</ownDataTypeParameters>
<autoIncrementCycle>false</autoIncrementCycle>
<associations>
<colAssociation fkAssociation="95BDB06D-4649-E468-DDC6-BD822CB1AB9F" referredColumn="2C4EB8EF-AD36-D37D-01E9-6302E8BF8F86"/>
</associations>
</Column>
<Column name="DacCPF_Inicio" id="260B5092-6B40-5B93-0C7E-8DF1CBCFBF91">
<createdBy>paulosantos</createdBy>
<createdTime>2025-02-03 15:43:14 UTC</createdTime>
<ownerDesignName>Modelagem</ownerDesignName>
<useDomainConstraints>false</useDomainConstraints>
<use>1</use>
<logicalDatatype>LOGDT024</logicalDatatype>
<dataTypeSize>2</dataTypeSize>
<ownDataTypeParameters>2,,</ownDataTypeParameters>
<autoIncrementCycle>false</autoIncrementCycle>
</Column>
<Column name="DacCPF_Fim" id="12B88988-A3D1-1F5A-87CE-9475459A877E">
<createdBy>paulosantos</createdBy>
<createdTime>2025-02-03 15:43:14 UTC</createdTime>
<ownerDesignName>Modelagem</ownerDesignName>
<useDomainConstraints>false</useDomainConstraints>
<use>1</use>
<logicalDatatype>LOGDT024</logicalDatatype>
<dataTypeSize>2</dataTypeSize>
<ownDataTypeParameters>2,,</ownDataTypeParameters>
<autoIncrementCycle>false</autoIncrementCycle>
</Column>
<Column name="DataCadastro" id="CC1CAE59-B7EB-2940-01AC-E2899268BB1A">
<createdBy>paulosantos</createdBy>
<createdTime>2025-02-03 15:43:14 UTC</createdTime>
<ownerDesignName>Modelagem</ownerDesignName>
<constraintName>OnboardingAutomacaoEPS_DF_DataCadastro</constraintName>
<useDomainConstraints>false</useDomainConstraints>
<use>1</use>
<logicalDatatype>LOGDT008</logicalDatatype>
<ownDataTypeParameters>,,</ownDataTypeParameters>
<autoIncrementCycle>false</autoIncrementCycle>
</Column>
<Column name="Ativo" id="7565458C-9261-4117-18F5-623BB26F750E">
<createdBy>paulosantos</createdBy>
<createdTime>2025-02-03 15:43:14 UTC</createdTime>
<ownerDesignName>Modelagem</ownerDesignName>
<constraintName>OnboardingAutomacaoEPS_DF_Ativo</constraintName>
<useDomainConstraints>false</useDomainConstraints>
<use>1</use>
<logicalDatatype>LOGDT034</logicalDatatype>
<defaultValue>1</defaultValue>
<ownDataTypeParameters>,,</ownDataTypeParameters>
<autoIncrementCycle>false</autoIncrementCycle>
</Column>
<Column name="Cadastrado_Por" id="545F3DFD-1A87-7EB5-9AC4-2360483C961E">
<createdBy>paulosantos</createdBy>
<createdTime>2025-02-03 15:56:43 UTC</createdTime>
<ownerDesignName>Modelagem</ownerDesignName>
<nullsAllowed>true</nullsAllowed>
<useDomainConstraints>false</useDomainConstraints>
<use>1</use>
<logicalDatatype>LOGDT024</logicalDatatype>
<dataTypeSize>600</dataTypeSize>
<ownDataTypeParameters>600,,</ownDataTypeParameters>
<autoIncrementCycle>false</autoIncrementCycle>
</Column>
<Column name="Alterado_Por" id="9B311403-1CBD-DDB5-842F-F0ADAD5A1C43">
<createdBy>paulosantos</createdBy>
<createdTime>2025-02-03 15:57:05 UTC</createdTime>
<ownerDesignName>Modelagem</ownerDesignName>
<nullsAllowed>true</nullsAllowed>
<useDomainConstraints>false</useDomainConstraints>
<use>1</use>
<logicalDatatype>LOGDT024</logicalDatatype>
<dataTypeSize>600</dataTypeSize>
<ownDataTypeParameters>600,,</ownDataTypeParameters>
<autoIncrementCycle>false</autoIncrementCycle>
</Column>
</columns>
<indexes itemClass="oracle.dbtools.crest.model.design.relational.Index">
<ind_PK_UK id="E28C5E33-1C49-2EF2-0D8D-FA0F9769652A" name="TB_Onboarding_Automacao_EPS_PK">
<createdBy>paulosantos</createdBy>
<createdTime>2025-02-03 15:43:14 UTC</createdTime>
<ownerDesignName>Modelagem</ownerDesignName>
<pk>true</pk>
<indexState>Primary Constraint</indexState>
<isSurrogateKey>false</isSurrogateKey>
<indexColumnUsage>
<colUsage columnID="88D279C5-CC8B-3A74-BACD-93DB9D3AA569"/>
</indexColumnUsage>
</ind_PK_UK>
<ind_PK_UK id="5B6FEED5-B827-250E-5CC3-1CAB0BD6F3CD" name="OnboardingAutomacoes_FK_OnboardingAutomacoesEPS">
<createdBy>paulosantos</createdBy>
<createdTime>2025-02-03 20:36:13 UTC</createdTime>
<ownerDesignName>Modelagem</ownerDesignName>
<indexState>Foreign Key</indexState>
<isSurrogateKey>false</isSurrogateKey>
<indexColumnUsage>
<colUsage columnID="8F3760A7-D1C5-4171-856E-CB387F7794E0"/>
</indexColumnUsage>
</ind_PK_UK>
<ind_PK_UK id="60A01978-6E97-2DA9-E27F-10AA7E713D37" name="FisicaContaEPS_FK_OnboardingAutomacoesEPS">
<createdBy>paulosantos</createdBy>
<createdTime>2025-02-03 20:48:48 UTC</createdTime>
<ownerDesignName>Modelagem</ownerDesignName>
<indexState>Foreign Key</indexState>
<isSurrogateKey>false</isSurrogateKey>
<indexColumnUsage>
<colUsage columnID="A2E5FA20-82DF-15A9-9CC1-BB13DCD5FD7B"/>
</indexColumnUsage>
</ind_PK_UK>
</indexes>
</Table>