<?xml version = '1.0' encoding = 'UTF-8'?>
<Table class="oracle.dbtools.crest.model.design.relational.Table" directorySegmentName="seg_0" id="C89CCB60-1E17-7070-C4DD-EF2B48E767C4" name="TB_FISICA_CONTA_EPS">
<createdBy>paulosantos</createdBy>
<createdTime>2025-02-03 15:47:16 UTC</createdTime>
<ownerDesignName>Modelagem</ownerDesignName>
<ordsAlias>table_4</ordsAlias>
<allowColumnReorder>false</allowColumnReorder>
<existDependencyGenerateInDDl>true</existDependencyGenerateInDDl>
<parsed>true</parsed>
<columns itemClass="oracle.dbtools.crest.model.design.relational.Column">
<Column name="ID" id="2C4EB8EF-AD36-D37D-01E9-6302E8BF8F86">
<createdBy>paulosantos</createdBy>
<createdTime>2025-02-03 15:48:05 UTC</createdTime>
<ownerDesignName>Modelagem</ownerDesignName>
<useDomainConstraints>false</useDomainConstraints>
<use>1</use>
<logicalDatatype>LOGDT011</logicalDatatype>
<ownDataTypeParameters>,,</ownDataTypeParameters>
<autoIncrementCycle>false</autoIncrementCycle>
</Column>
<Column name="EPS_Nome" id="8FFE1E84-F6A0-9BF0-45E8-5E07C459FD6B">
<createdBy>paulosantos</createdBy>
<createdTime>2025-02-03 20:33:56 UTC</createdTime>
<ownerDesignName>Modelagem</ownerDesignName>
<useDomainConstraints>false</useDomainConstraints>
<use>1</use>
<logicalDatatype>LOGDT024</logicalDatatype>
<dataTypeSize>100</dataTypeSize>
<ownDataTypeParameters>100,,</ownDataTypeParameters>
<autoIncrementCycle>false</autoIncrementCycle>
</Column>
<Column name="CadastradoEm" id="4EA2DBCC-6A9A-A257-84DC-034AA102E3CE">
<createdBy>paulosantos</createdBy>
<createdTime>2025-02-03 20:33:56 UTC</createdTime>
<ownerDesignName>Modelagem</ownerDesignName>
<useDomainConstraints>false</useDomainConstraints>
<use>1</use>
<logicalDatatype>LOGDT008</logicalDatatype>
<ownDataTypeParameters>,,</ownDataTypeParameters>
<autoIncrementCycle>false</autoIncrementCycle>
</Column>
<Column name="CadastradoPor" id="EC6FAF97-EC51-2456-4CE7-DA7247633C35">
<createdBy>paulosantos</createdBy>
<createdTime>2025-02-03 20:33:56 UTC</createdTime>
<ownerDesignName>Modelagem</ownerDesignName>
<nullsAllowed>true</nullsAllowed>
<useDomainConstraints>false</useDomainConstraints>
<use>1</use>
<logicalDatatype>LOGDT024</logicalDatatype>
<dataTypeSize>200</dataTypeSize>
<ownDataTypeParameters>200,,</ownDataTypeParameters>
<autoIncrementCycle>false</autoIncrementCycle>
</Column>
<Column name="AlteradoEm" id="A5A61256-11C2-BC43-1A64-22F54CB1C808">
<createdBy>paulosantos</createdBy>
<createdTime>2025-02-03 20:33:56 UTC</createdTime>
<ownerDesignName>Modelagem</ownerDesignName>
<nullsAllowed>true</nullsAllowed>
<useDomainConstraints>false</useDomainConstraints>
<use>1</use>
<logicalDatatype>LOGDT008</logicalDatatype>
<ownDataTypeParameters>,,</ownDataTypeParameters>
<autoIncrementCycle>false</autoIncrementCycle>
</Column>
<Column name="AlteradoPor" id="3D0744B2-FA51-95DF-7F30-A83E6EE4D96E">
<createdBy>paulosantos</createdBy>
<createdTime>2025-02-03 20:33:56 UTC</createdTime>
<ownerDesignName>Modelagem</ownerDesignName>
<nullsAllowed>true</nullsAllowed>
<useDomainConstraints>false</useDomainConstraints>
<use>1</use>
<logicalDatatype>LOGDT024</logicalDatatype>
<dataTypeSize>200</dataTypeSize>
<ownDataTypeParameters>200,,</ownDataTypeParameters>
<autoIncrementCycle>false</autoIncrementCycle>
</Column>
</columns>
<indexes itemClass="oracle.dbtools.crest.model.design.relational.Index">
<ind_PK_UK id="A3A6BEC9-E481-AC6A-D956-81AB28DE96D2" name="TB_FisicaContaEPS_PK">
<createdBy>paulosantos</createdBy>
<createdTime>2025-02-03 15:48:05 UTC</createdTime>
<ownerDesignName>Modelagem</ownerDesignName>
<pk>true</pk>
<indexState>Primary Constraint</indexState>
<isSurrogateKey>false</isSurrogateKey>
<indexColumnUsage>
<colUsage columnID="2C4EB8EF-AD36-D37D-01E9-6302E8BF8F86"/>
</indexColumnUsage>
</ind_PK_UK>
</indexes>
</Table>