<?xml version = '1.0' encoding = 'UTF-8'?>
<Diagram class="oracle.dbtools.crest.swingui.relational.DPVRelational" name="Modelagem CC Fisico PJ" id="9FF03D82-562E-875D-5157-14CC8006143A">
<createdBy>paulosantos</createdBy>
<modifiedBy>paulosantos</modifiedBy>
<createdTime>2025-02-03 15:09:43 UTC</createdTime>
<autoRoute>false</autoRoute>
<boxInbox>true</boxInbox>
<showLegend>false</showLegend>
<showLabels>false</showLabels>
<showRelAttributes>false</showRelAttributes>
<gridEnabled>false</gridEnabled>
<showGrid>false</showGrid>
<diagramColor>-1</diagramColor>
<display>false</display>
<notation>1</notation>
<objectViews>
<OView class="oracle.dbtools.crest.swingui.relational.TVTable" oid="21F03F66-552F-4E47-FE6E-1A65BDA55623" otype="Table" vid="1083F745-26EC-DC32-74AD-B9554BE91ACC">
<hideElementsInCurrentOnly>false</hideElementsInCurrentOnly>
<bounds x="689" y="283" width="234" height="135"/>
</OView>
<OView class="oracle.dbtools.crest.swingui.relational.TVTable" oid="5A87E089-BBAA-A65B-948C-CC8CF5278100" otype="Table" vid="8890B863-2547-1864-1DF0-E6EBE02B7128">
<hideElementsInCurrentOnly>false</hideElementsInCurrentOnly>
<bounds x="490" y="82" width="264" height="109"/>
</OView>
<OView class="oracle.dbtools.crest.swingui.relational.TVTable" oid="6D0F2705-FB56-BC96-0430-1FAFCD5BE030" otype="Table" vid="EFBA134E-E8E4-2617-8EAE-D0C7C9F98C4B">
<hideElementsInCurrentOnly>false</hideElementsInCurrentOnly>
<bounds x="110" y="65" width="211" height="148"/>
</OView>
<OView class="oracle.dbtools.crest.swingui.relational.TVTable" oid="B6A59BC6-9776-CC1F-61BC-F8A48BECB43D" otype="Table" vid="4F834638-31CB-AC35-19F7-5E39C2B0415A">
<hideElementsInCurrentOnly>false</hideElementsInCurrentOnly>
<bounds x="376" y="268" width="227" height="161"/>
</OView>
<OView class="oracle.dbtools.crest.swingui.relational.TVTable" oid="C89CCB60-1E17-7070-C4DD-EF2B48E767C4" otype="Table" vid="14E80073-6D59-DFD5-00E8-5220220690AE">
<hideElementsInCurrentOnly>false</hideElementsInCurrentOnly>
<bounds x="89" y="309" width="170" height="110"/>
</OView>
</objectViews>
</Diagram>