<?xml version = '1.0' encoding = 'UTF-8'?>
<FKIndexAssociation class="oracle.dbtools.crest.model.design.relational.FKIndexAssociation" directorySegmentName="seg_0" id="09335C13-65B3-7862-15F0-8C0806713C67" containerWithKeyObject="21F03F66-552F-4E47-FE6E-1A65BDA55623" localFKIndex="73E180AC-8AC1-09DC-8C62-CE5D2B4EAFF8" name="OnboardingSegmentosEnvio_FK_OnboardingAutomacaoEPS">
<createdBy>paulosantos</createdBy>
<createdTime>2025-02-03 21:09:13 UTC</createdTime>
<ownerDesignName>Modelagem</ownerDesignName>
<referredTableLongName>TB_Onboarding_Automacao_EPS</referredTableLongName>
<deleteRule>NO ACTION</deleteRule>
<referredTableID>B6A59BC6-9776-CC1F-61BC-F8A48BECB43D</referredTableID>
<keyObject>E28C5E33-1C49-2EF2-0D8D-FA0F9769652A</keyObject>
<referredKeyID>E28C5E33-1C49-2EF2-0D8D-FA0F9769652A</referredKeyID>
<mandatory>true</mandatory>
<refColNames>ID</refColNames>
<transferable>true</transferable>
<rely>false</rely>
<columnDependencyConstraintGenerateInDDL>true</columnDependencyConstraintGenerateInDDL>
</FKIndexAssociation>