<?xml version = '1.0' encoding = 'UTF-8'?>
<FKIndexAssociation class="oracle.dbtools.crest.model.design.relational.FKIndexAssociation" directorySegmentName="seg_0" id="7294DFE1-8B5D-9C37-395B-DB527FA2B3CB" containerWithKeyObject="21F03F66-552F-4E47-FE6E-1A65BDA55623" localFKIndex="5B874185-FB0B-1F77-26A8-BBCF366E2E8F" name="OnboardingSegmentosEnvio_FK_OnboardingAutomacoesSegmentos">
<createdBy>paulosantos</createdBy>
<createdTime>2025-02-03 21:09:13 UTC</createdTime>
<ownerDesignName>Modelagem</ownerDesignName>
<referredTableLongName>TB_OnboardingAutomacoes_Segmentos</referredTableLongName>
<deleteRule>NO ACTION</deleteRule>
<referredTableID>5A87E089-BBAA-A65B-948C-CC8CF5278100</referredTableID>
<keyObject>88DAD24D-897C-DFB7-AF31-B711ADE4240F</keyObject>
<referredKeyID>88DAD24D-897C-DFB7-AF31-B711ADE4240F</referredKeyID>
<mandatory>true</mandatory>
<refColNames>ID</refColNames>
<transferable>true</transferable>
<rely>false</rely>
<columnDependencyConstraintGenerateInDDL>true</columnDependencyConstraintGenerateInDDL>
</FKIndexAssociation>