<?xml version = '1.0' encoding = 'UTF-8'?>
<FKIndexAssociation class="oracle.dbtools.crest.model.design.relational.FKIndexAssociation" directorySegmentName="seg_0" id="95BDB06D-4649-E468-DDC6-BD822CB1AB9F" containerWithKeyObject="B6A59BC6-9776-CC1F-61BC-F8A48BECB43D" localFKIndex="60A01978-6E97-2DA9-E27F-10AA7E713D37" name="FisicaContaEPS_FK_OnboardingAutomacoesEPS">
<createdBy>paulosantos</createdBy>
<createdTime>2025-02-03 20:48:48 UTC</createdTime>
<ownerDesignName>Modelagem</ownerDesignName>
<referredTableLongName>TB_FISICA_CONTA_EPS</referredTableLongName>
<deleteRule>NO ACTION</deleteRule>
<referredTableID>C89CCB60-1E17-7070-C4DD-EF2B48E767C4</referredTableID>
<keyObject>A3A6BEC9-E481-AC6A-D956-81AB28DE96D2</keyObject>
<referredKeyID>A3A6BEC9-E481-AC6A-D956-81AB28DE96D2</referredKeyID>
<mandatory>true</mandatory>
<refColNames>ID</refColNames>
<transferable>true</transferable>
<rely>false</rely>
<columnDependencyConstraintGenerateInDDL>true</columnDependencyConstraintGenerateInDDL>
</FKIndexAssociation>