<?xml version = '1.0' encoding = 'UTF-8'?>
<FKIndexAssociation class="oracle.dbtools.crest.model.design.relational.FKIndexAssociation" directorySegmentName="seg_0" id="D1AD4C4D-B189-A1DE-66AC-92C45210BC04" containerWithKeyObject="B6A59BC6-9776-CC1F-61BC-F8A48BECB43D" localFKIndex="5B6FEED5-B827-250E-5CC3-1CAB0BD6F3CD" name="OnboardingAutomacoes_FK_OnboardingAutomacoesEPS">
<createdBy>paulosantos</createdBy>
<createdTime>2025-02-03 20:36:13 UTC</createdTime>
<ownerDesignName>Modelagem</ownerDesignName>
<referredTableLongName>TB_Onboarding_Automacoes</referredTableLongName>
<deleteRule>NO ACTION</deleteRule>
<referredTableID>6D0F2705-FB56-BC96-0430-1FAFCD5BE030</referredTableID>
<keyObject>AB9DBB74-AD6B-6F91-FB22-25A450BD6EF6</keyObject>
<referredKeyID>AB9DBB74-AD6B-6F91-FB22-25A450BD6EF6</referredKeyID>
<mandatory>true</mandatory>
<refColNames>ID</refColNames>
<transferable>true</transferable>
<rely>false</rely>
<columnDependencyConstraintGenerateInDDL>true</columnDependencyConstraintGenerateInDDL>
</FKIndexAssociation>