<?xml version = '1.0' encoding = 'UTF-8'?>
<relationalModel class="oracle.dbtools.crest.model.design.relational.RelationalDesign" name="Modelagem CC Fisico PJ" id="C930DFE0-87F8-23FE-2E27-CFA9F78A1EE6" mainViewID="9FF03D82-562E-875D-5157-14CC8006143A">
<createdBy>paulosantos</createdBy>
<createdTime>2025-02-03 15:09:08 UTC</createdTime>
<ownerDesignName>Modelagem</ownerDesignName>
<shouldBeOpen>false</shouldBeOpen>
<selectedRDBMSSite>980FCE9E-D688-BDF0-C89A-C9FB2DCAED45</selectedRDBMSSite>
</relationalModel>